Date,始値,HighPrice,LowPrice,終値,SMA1[5],SMA2[13],SMA3[21],
2022/06/10 05:21,134.401,134.401,134.401,134.401,134.399,134.400,134.413,
2022/06/10 05:20,134.400,134.401,134.395,134.401,134.396,134.402,134.415,
2022/06/10 05:19,134.399,134.401,134.398,134.400,134.393,134.404,134.416,
2022/06/10 05:18,134.394,134.400,134.393,134.399,134.385,134.407,134.417,
2022/06/10 05:17,134.389,134.396,134.384,134.394,134.386,134.409,134.417,
2022/06/10 05:16,134.383,134.389,134.374,134.389,134.390,134.413,134.417,
2022/06/10 05:15,134.362,134.395,134.362,134.384,134.395,134.416,134.417,
2022/06/10 05:14,134.403,134.413,134.362,134.362,134.402,134.420,134.417,
2022/06/10 05:13,134.412,134.413,134.402,134.403,134.415,134.426,134.418,
2022/06/10 05:12,134.414,134.421,134.412,134.412,134.419,134.429,134.417,
2022/06/10 05:11,134.422,134.423,134.414,134.414,134.422,134.430,134.416,
2022/06/10 05:10,134.424,134.425,134.421,134.422,134.427,134.431,134.414,
2022/06/10 05:09,134.426,134.430,134.424,134.424,134.429,134.430,134.412,
2022/06/10 05:08,134.427,134.431,134.426,134.426,134.432,134.427,134.409,
2022/06/10 05:07,134.435,134.437,134.426,134.427,134.434,134.424,134.406,
2022/06/10 05:06,134.434,134.437,134.434,134.436,134.435,134.421,134.403,
2022/06/10 05:05,134.439,134.439,134.434,134.434,134.436,134.417,134.399,
2022/06/10 05:04,134.437,134.442,134.436,134.439,134.437,134.413,134.395,
2022/06/10 05:03,134.433,134.439,134.433,134.437,134.436,134.409,134.391,
2022/06/10 05:02,134.441,134.442,134.433,134.433,134.431,134.404,134.387,
2022/06/10 05:01,134.439,134.444,134.436,134.441,134.427,134.399,134.383,
2022/06/10 05:00,134.430,134.441,134.430,134.439,134.416,134.394,134.379,
2022/06/10 04:59,134.415,134.430,134.415,134.430,134.406,134.388,134.375,
2022/06/10 04:58,134.412,134.428,134.405,134.415,134.397,134.384,134.370,
2022/06/10 04:57,134.387,134.418,134.387,134.412,134.391,134.379,134.367,
2022/06/10 04:56,134.389,134.392,134.385,134.387,134.386,134.374,134.364,
2022/06/10 04:55,134.384,134.393,134.379,134.389,134.385,134.371,134.361,
2022/06/10 04:54,134.383,134.387,134.379,134.384,134.382,134.368,134.357,
2022/06/10 04:53,134.392,134.395,134.382,134.383,134.379,134.366,134.354,
2022/06/10 04:52,134.380,134.395,134.379,134.391,134.377,134.363,134.351,
2022/06/10 04:51,134.372,134.380,134.370,134.380,134.372,134.360,134.347,
2022/06/10 04:50,134.373,134.374,134.366,134.372,134.370,134.356,134.345,
2022/06/10 04:49,134.371,134.374,134.369,134.373,134.365,134.354,134.342,
2022/06/10 04:48,134.364,134.372,134.362,134.371,134.361,134.352,134.339,
2022/06/10 04:47,134.372,134.372,134.361,134.364,134.356,134.349,134.336,
2022/06/10 04:46,134.349,134.372,134.349,134.372,134.355,134.345,134.334,
2022/06/10 04:45,134.349,134.350,134.343,134.349,134.351,134.341,134.332,
2022/06/10 04:44,134.349,134.352,134.342,134.349,134.351,134.338,134.331,
2022/06/10 04:43,134.359,134.359,134.349,134.349,134.351,134.336,134.330,
2022/06/10 04:42,134.350,134.362,134.350,134.359,134.347,134.334,134.328,
2022/06/10 04:41,134.351,134.355,134.347,134.350,134.344,134.330,134.326,
2022/06/10 04:40,134.347,134.356,134.347,134.351,134.344,134.328,134.325,
2022/06/10 04:39,134.328,134.348,134.328,134.347,134.339,134.325,134.323,
2022/06/10 04:38,134.347,134.347,134.326,134.328,134.332,134.323,134.321,
2022/06/10 04:37,134.350,134.356,134.344,134.347,134.330,134.323,134.321,
2022/06/10 04:36,134.327,134.358,134.324,134.350,134.325,134.321,134.318,
2022/06/10 04:35,134.311,134.331,134.311,134.327,134.319,134.319,134.314,
2022/06/10 04:34,134.318,134.322,134.311,134.311,134.317,134.318,134.312,
2022/06/10 04:33,134.320,134.322,134.316,134.318,134.318,134.318,134.310,
2022/06/10 04:32,134.320,134.323,134.312,134.320,134.317,134.319,134.308,
2022/06/10 04:31,134.318,134.322,134.309,134.320,134.316,134.319,134.306,
2022/06/10 04:30,134.315,134.324,134.315,134.318,134.316,134.318,134.305,
2022/06/10 04:29,134.318,134.320,134.314,134.314,134.317,134.317,134.303,
2022/06/10 04:28,134.312,134.320,134.304,134.318,134.320,134.315,134.301,
2022/06/10 04:27,134.318,134.328,134.311,134.312,134.320,134.312,134.298,
2022/06/10 04:26,134.327,134.327,134.316,134.318,134.321,134.309,134.296,
2022/06/10 04:25,134.326,134.329,134.325,134.327,134.321,134.306,134.294,
2022/06/10 04:24,134.321,134.328,134.320,134.326,134.320,134.302,134.293,
2022/06/10 04:23,134.313,134.321,134.311,134.321,134.319,134.299,134.291,
2022/06/10 04:22,134.321,134.324,134.308,134.313,134.317,134.296,134.289,
2022/06/10 04:21,134.319,134.324,134.319,134.321,134.316,134.293,134.287,
2022/06/10 04:20,134.322,134.325,134.314,134.319,134.309,134.289,134.285,
2022/06/10 04:19,134.311,134.323,134.311,134.322,134.300,134.285,134.283,
2022/06/10 04:18,134.311,134.313,134.309,134.311,134.291,134.281,134.281,
2022/06/10 04:17,134.284,134.312,134.282,134.311,134.284,134.279,134.280,
2022/06/10 04:16,134.273,134.287,134.271,134.284,134.278,134.277,134.279,
2022/06/10 04:15,134.276,134.280,134.273,134.273,134.277,134.277,134.279,
2022/06/10 04:14,134.276,134.284,134.275,134.276,134.281,134.279,134.280,
2022/06/10 04:13,134.285,134.287,134.276,134.276,134.280,134.278,134.279,
2022/06/10 04:12,134.275,134.289,134.275,134.285,134.279,134.279,134.277,
2022/06/10 04:11,134.293,134.293,134.275,134.275,134.274,134.278,134.276,
2022/06/10 04:10,134.271,134.296,134.271,134.293,134.273,134.278,134.274,
2022/06/10 04:09,134.273,134.275,134.269,134.271,134.272,134.278,134.272,
2022/06/10 04:08,134.261,134.274,134.261,134.273,134.275,134.280,134.270,
2022/06/10 04:07,134.269,134.274,134.258,134.261,134.277,134.281,134.269,
2022/06/10 04:06,134.286,134.287,134.261,134.269,134.283,134.282,134.268,
2022/06/10 04:05,134.288,134.289,134.282,134.286,134.284,134.282,134.267,
2022/06/10 04:04,134.283,134.292,134.281,134.288,134.283,134.278,134.265,
2022/06/10 04:03,134.293,134.293,134.267,134.283,134.281,134.275,134.263,
2022/06/10 04:02,134.272,134.294,134.270,134.293,134.279,134.272,134.262,
2022/06/10 04:01,134.279,134.279,134.258,134.272,134.280,134.268,134.260,
2022/06/10 04:00,134.281,134.281,134.273,134.279,134.283,134.266,134.259,
2022/06/10 03:59,134.273,134.283,134.267,134.281,134.285,134.263,134.259,
2022/06/10 03:58,134.296,134.305,134.271,134.273,134.284,134.260,134.258,
2022/06/10 03:57,134.287,134.297,134.284,134.296,134.282,134.259,134.257,
2022/06/10 03:56,134.290,134.293,134.286,134.287,134.271,134.255,134.255,
2022/06/10 03:55,134.276,134.291,134.276,134.290,134.263,134.252,134.254,
2022/06/10 03:54,134.263,134.281,134.260,134.276,134.253,134.249,134.253,
2022/06/10 03:53,134.243,134.265,134.243,134.263,134.247,134.247,134.253,
2022/06/10 03:52,134.246,134.249,134.240,134.243,134.244,134.247,134.253,
2022/06/10 03:51,134.241,134.256,134.240,134.246,134.244,134.248,134.253,
2022/06/10 03:50,134.243,134.247,134.240,134.241,134.243,134.249,134.253,
2022/06/10 03:49,134.247,134.259,134.241,134.243,134.245,134.251,134.252,
2022/06/10 03:48,134.245,134.251,134.245,134.247,134.246,134.251,134.251,
2022/06/10 03:47,134.242,134.247,134.240,134.245,134.246,134.253,134.250,
2022/06/10 03:46,134.249,134.250,134.242,134.242,134.246,134.255,134.248,
2022/06/10 03:45,134.247,134.250,134.245,134.249,134.250,134.257,134.246,
2022/06/10 03:44,134.247,134.249,134.245,134.247,134.251,134.258,134.245,
2022/06/10 03:43,134.248,134.252,134.246,134.247,134.254,134.258,134.243,
2022/06/10 03:42,134.258,134.259,134.244,134.249,134.257,134.258,134.241,
2022/06/10 03:41,134.258,134.260,134.257,134.258,134.259,134.256,134.239,
2022/06/10 03:40,134.259,134.261,134.257,134.258,134.257,134.254,134.238,
2022/06/10 03:39,134.264,134.267,134.257,134.259,134.259,134.251,134.236,
2022/06/10 03:38,134.260,134.269,134.257,134.264,134.263,134.247,134.234,
2022/06/10 03:37,134.248,134.262,134.247,134.260,134.264,134.242,134.231,
2022/06/10 03:36,134.267,134.267,134.247,134.248,134.263,134.238,134.228,
2022/06/10 03:35,134.279,134.281,134.258,134.267,134.262,134.235,134.225,
2022/06/10 03:34,134.268,134.280,134.260,134.279,134.259,134.231,134.221,
2022/06/10 03:33,134.256,134.269,134.254,134.268,134.249,134.226,134.217,
2022/06/10 03:32,134.245,134.257,134.242,134.256,134.240,134.222,134.212,
2022/06/10 03:31,134.248,134.259,134.240,134.244,134.233,134.220,134.209,
2022/06/10 03:30,134.230,134.251,134.228,134.248,134.225,134.218,134.205,
2022/06/10 03:29,134.224,134.231,134.224,134.230,134.216,134.214,134.202,
2022/06/10 03:28,134.222,134.226,134.215,134.224,134.212,134.212,134.199,
2022/06/10 03:27,134.204,134.223,134.204,134.222,134.210,134.209,134.196,
2022/06/10 03:26,134.205,134.211,134.203,134.204,134.208,134.206,134.193,
2022/06/10 03:25,134.208,134.208,134.200,134.205,134.209,134.204,134.191,
2022/06/10 03:24,134.212,134.212,134.202,134.208,134.212,134.202,134.189,
2022/06/10 03:23,134.208,134.212,134.204,134.212,134.215,134.200,134.186,
2022/06/10 03:22,134.213,134.216,134.210,134.211,134.216,134.197,134.183,
2022/06/10 03:21,134.217,134.218,134.206,134.213,134.214,134.195,134.179,
2022/06/10 03:20,134.225,134.233,134.214,134.218,134.213,134.192,134.175,
2022/06/10 03:19,134.217,134.225,134.217,134.225,134.206,134.187,134.171,
2022/06/10 03:18,134.202,134.221,134.202,134.217,134.197,134.182,134.166,
2022/06/10 03:17,134.205,134.207,134.197,134.202,134.190,134.177,134.162,
2022/06/10 03:16,134.181,134.208,134.181,134.205,134.186,134.174,134.156,
2022/06/10 03:15,134.182,134.185,134.171,134.181,134.180,134.170,134.151,
2022/06/10 03:14,134.183,134.187,134.176,134.182,134.178,134.167,134.148,
2022/06/10 03:13,134.181,134.183,134.175,134.183,134.178,134.164,134.144,
2022/06/10 03:12,134.175,134.184,134.175,134.181,134.176,134.158,134.139,
2022/06/10 03:11,134.173,134.176,134.158,134.175,134.173,134.155,134.134,
2022/06/10 03:10,134.182,134.182,134.172,134.173,134.169,134.151,134.129,
2022/06/10 03:09,134.172,134.183,134.171,134.182,134.165,134.148,134.125,
2022/06/10 03:08,134.166,134.173,134.166,134.172,134.161,134.140,134.120,
2022/06/10 03:07,134.156,134.172,134.156,134.165,134.156,134.135,134.117,
2022/06/10 03:06,134.150,134.163,134.150,134.156,134.152,134.130,134.113,
2022/06/10 03:05,134.165,134.166,134.148,134.150,134.149,134.126,134.111,
2022/06/10 03:04,134.145,134.166,134.145,134.165,134.142,134.120,134.109,
2022/06/10 03:03,134.145,134.153,134.139,134.145,134.135,134.113,134.106,
2022/06/10 03:02,134.141,134.151,134.140,134.145,134.133,134.108,134.104,
2022/06/10 03:01,134.116,134.140,134.114,134.140,134.129,134.103,134.102,
2022/06/10 03:00,134.132,134.132,134.112,134.116,134.118,134.099,134.099,
2022/06/10 02:59,134.134,134.137,134.132,134.132,134.115,134.098,134.098,
2022/06/10 02:58,134.123,134.141,134.123,134.134,134.109,134.095,134.096,
2022/06/10 02:57,134.089,134.127,134.085,134.123,134.102,134.093,134.094,
2022/06/10 02:56,134.101,134.104,134.088,134.089,134.093,134.091,134.092,
2022/06/10 02:55,134.103,134.105,134.097,134.101,134.091,134.093,134.092,
2022/06/10 02:54,134.099,134.106,134.099,134.103,134.086,134.093,134.092,
2022/06/10 02:53,134.076,134.099,134.076,134.099,134.082,134.092,134.091,
2022/06/10 02:52,134.076,134.089,134.076,134.076,134.080,134.091,134.090,
2022/06/10 02:51,134.080,134.093,134.076,134.076,134.084,134.092,134.089,
2022/06/10 02:50,134.083,134.105,134.080,134.080,134.088,134.094,134.088,
2022/06/10 02:49,134.087,134.093,134.083,134.083,134.093,134.095,134.086,
2022/06/10 02:48,134.095,134.100,134.086,134.087,134.096,134.095,134.085,
2022/06/10 02:47,134.095,134.097,134.078,134.095,134.101,134.095,134.083,
2022/06/10 02:46,134.105,134.107,134.093,134.095,134.104,134.096,134.080,
2022/06/10 02:45,134.102,134.108,134.094,134.105,134.103,134.094,134.077,
2022/06/10 02:44,134.110,134.110,134.093,134.102,134.099,134.092,134.074,
2022/06/10 02:43,134.109,134.118,134.101,134.110,134.096,134.089,134.072,
2022/06/10 02:42,134.091,134.110,134.091,134.109,134.094,134.085,134.070,
2022/06/10 02:41,134.083,134.091,134.083,134.091,134.089,134.079,134.070,
2022/06/10 02:40,134.088,134.096,134.081,134.083,134.089,134.076,134.072,
2022/06/10 02:39,134.102,134.112,134.088,134.088,134.091,134.073,134.074,
2022/06/10 02:38,134.084,134.115,134.083,134.103,134.094,134.069,134.076,
2022/06/10 02:37,134.090,134.101,134.075,134.084,134.088,134.064,134.077,
2022/06/10 02:36,134.090,134.101,134.084,134.090,134.085,134.061,134.080,
2022/06/10 02:35,134.103,134.105,134.086,134.090,134.081,134.059,134.080,
2022/06/10 02:34,134.074,134.103,134.072,134.103,134.073,134.057,134.080,
2022/06/10 02:33,134.070,134.074,134.062,134.074,134.060,134.057,134.080,
2022/06/10 02:32,134.069,134.080,134.058,134.070,134.056,134.061,134.081,
2022/06/10 02:31,134.051,134.071,134.051,134.069,134.050,134.066,134.082,
2022/06/10 02:30,134.039,134.062,134.037,134.051,134.043,134.071,134.083,
2022/06/10 02:29,134.052,134.060,134.034,134.039,134.042,134.077,134.084,
2022/06/10 02:28,134.042,134.052,134.037,134.052,134.042,134.084,134.085,
2022/06/10 02:27,134.034,134.047,134.034,134.041,134.043,134.087,134.086,
2022/06/10 02:26,134.046,134.047,134.031,134.034,134.048,134.091,134.089,
2022/06/10 02:25,134.041,134.058,134.035,134.046,134.064,134.097,134.093,
2022/06/10 02:24,134.057,134.061,134.040,134.041,134.079,134.101,134.098,
2022/06/10 02:23,134.064,134.094,134.057,134.057,134.097,134.105,134.101,
2022/06/10 02:22,134.112,134.114,134.064,134.064,134.113,134.106,134.105,
2022/06/10 02:21,134.122,134.132,134.107,134.112,134.126,134.107,134.109,
2022/06/10 02:20,134.131,134.139,134.121,134.122,134.129,134.103,134.111,
2022/06/10 02:19,134.141,134.144,134.128,134.131,134.125,134.100,134.113,
2022/06/10 02:18,134.124,134.149,134.123,134.141,134.117,134.097,134.114,
2022/06/10 02:17,134.130,134.130,134.104,134.125,134.109,134.096,134.116,
2022/06/10 02:16,134.098,134.130,134.094,134.130,134.105,134.097,134.117,
2022/06/10 02:15,134.091,134.102,134.076,134.098,134.097,134.096,134.118,
2022/06/10 02:14,134.103,134.105,134.090,134.091,134.092,134.098,134.120,
2022/06/10 02:13,134.104,134.113,134.102,134.103,134.088,134.104,134.121,
2022/06/10 02:12,134.090,134.104,134.083,134.104,134.081,134.107,134.122,
2022/06/10 02:11,134.072,134.102,134.072,134.090,134.077,134.111,134.122,
2022/06/10 02:10,134.073,134.080,134.071,134.072,134.077,134.117,134.123,
2022/06/10 02:09,134.068,134.087,134.066,134.073,134.089,134.125,134.126,
2022/06/10 02:08,134.082,134.082,134.067,134.068,134.102,134.131,134.128,
2022/06/10 02:07,134.093,134.093,134.081,134.082,134.111,134.137,134.128,
2022/06/10 02:06,134.130,134.132,134.093,134.093,134.119,134.142,134.128,
2022/06/10 02:05,134.137,134.137,134.126,134.130,134.134,134.144,134.127,
2022/06/10 02:04,134.114,134.137,134.107,134.137,134.137,134.143,134.125,
2022/06/10 02:03,134.125,134.137,134.112,134.114,134.141,134.140,134.125,
2022/06/10 02:02,134.164,134.164,134.116,134.125,134.151,134.140,134.125,
2022/06/10 02:01,134.146,134.166,134.136,134.164,134.160,134.140,134.125,
2022/06/10 02:00,134.156,134.160,134.146,134.146,134.158,134.136,134.124,
2022/06/10 01:59,134.164,134.164,134.145,134.156,134.158,134.131,134.124,
2022/06/10 01:58,134.174,134.186,134.164,134.164,134.156,134.125,134.124,
2022/06/10 01:57,134.153,134.177,134.153,134.174,134.147,134.117,134.124,
2022/06/10 01:56,134.144,134.160,134.144,134.153,134.138,134.112,134.123,
2022/06/10 01:55,134.147,134.149,134.142,134.144,134.125,134.110,134.122,
2022/06/10 01:54,134.121,134.149,134.120,134.147,134.121,134.108,134.122,
2022/06/10 01:53,134.127,134.138,134.119,134.119,134.116,134.106,134.122,
2022/06/10 01:52,134.092,134.128,134.089,134.127,134.114,134.107,134.123,
2022/06/10 01:51,134.121,134.121,134.083,134.092,134.106,134.110,134.123,
2022/06/10 01:50,134.125,134.142,134.118,134.121,134.102,134.114,134.125,
2022/06/10 01:49,134.108,134.125,134.103,134.125,134.090,134.118,134.125,
2022/06/10 01:48,134.085,134.115,134.085,134.108,134.086,134.119,134.124,
2022/06/10 01:47,134.074,134.098,134.072,134.085,134.089,134.123,134.125,
2022/06/10 01:46,134.062,134.074,134.061,134.074,134.098,134.127,134.127,
2022/06/10 01:45,134.105,134.106,134.062,134.062,134.107,134.132,134.130,
2022/06/10 01:44,134.123,134.126,134.100,134.105,134.121,134.138,134.134,
2022/06/10 01:43,134.128,134.131,134.115,134.123,134.131,134.140,134.137,
2022/06/10 01:42,134.120,134.129,134.113,134.128,134.138,134.141,134.138,
2022/06/10 01:41,134.133,134.139,134.117,134.120,134.145,134.140,134.138,
2022/06/10 01:40,134.155,134.159,134.133,134.133,134.150,134.139,134.139,
2022/06/10 01:39,134.156,134.158,134.151,134.155,134.153,134.138,134.139,
2022/06/10 01:38,134.162,134.164,134.148,134.156,134.151,134.136,134.138,
2022/06/10 01:37,134.147,134.167,134.145,134.162,134.149,134.135,134.137,
2022/06/10 01:36,134.149,134.155,134.139,134.147,134.143,134.134,134.136,
2022/06/10 01:35,134.141,134.150,134.137,134.149,134.140,134.135,134.136,
2022/06/10 01:34,134.147,134.155,134.141,134.141,134.137,134.134,134.136,
2022/06/10 01:33,134.135,134.158,134.135,134.147,134.133,134.135,134.136,
2022/06/10 01:32,134.131,134.139,134.125,134.135,134.125,134.133,134.134,
2022/06/10 01:31,134.135,134.138,134.122,134.131,134.121,134.133,134.133,
2022/06/10 01:30,134.122,134.136,134.112,134.135,134.121,134.133,134.132,
2022/06/10 01:29,134.106,134.122,134.103,134.120,134.123,134.133,134.131,
2022/06/10 01:28,134.113,134.130,134.105,134.106,134.127,134.135,134.130,
2022/06/10 01:27,134.134,134.135,134.093,134.113,134.140,134.138,134.128,
2022/06/10 01:26,134.147,134.150,134.124,134.132,134.145,134.140,134.125,
2022/06/10 01:25,134.139,134.157,134.136,134.147,134.147,134.141,134.121,
2022/06/10 01:24,134.168,134.185,134.135,134.140,134.144,134.139,134.116,
2022/06/10 01:23,134.138,134.170,134.138,134.168,134.141,134.137,134.113,
2022/06/10 01:22,134.144,134.148,134.120,134.138,134.134,134.132,134.109,
2022/06/10 01:21,134.132,134.148,134.130,134.144,134.135,134.130,134.106,
2022/06/10 01:20,134.123,134.134,134.119,134.132,134.135,134.126,134.103,
2022/06/10 01:19,134.135,134.135,134.103,134.123,134.137,134.121,134.100,
2022/06/10 01:18,134.143,134.144,134.125,134.135,134.141,134.115,134.097,
2022/06/10 01:17,134.144,134.153,134.141,134.143,134.143,134.110,134.093,
2022/06/10 01:16,134.142,134.157,134.133,134.145,134.137,134.102,134.088,
2022/06/10 01:15,134.140,134.143,134.119,134.142,134.132,134.097,134.085,
2022/06/10 01:14,134.145,134.152,134.140,134.140,134.124,134.091,134.081,
2022/06/10 01:13,134.115,134.147,134.115,134.145,134.119,134.086,134.078,
2022/06/10 01:12,134.119,134.134,134.112,134.115,134.108,134.082,134.075,
2022/06/10 01:11,134.105,134.120,134.105,134.119,134.099,134.079,134.072,
2022/06/10 01:10,134.113,134.123,134.100,134.105,134.083,134.074,134.069,
2022/06/10 01:09,134.090,134.121,134.087,134.113,134.075,134.069,134.067,
2022/06/10 01:08,134.069,134.092,134.068,134.090,134.060,134.064,134.064,
2022/06/10 01:07,134.040,134.070,134.037,134.069,134.059,134.063,134.061,
2022/06/10 01:06,134.065,134.065,134.031,134.040,134.059,134.063,134.057,
2022/06/10 01:05,134.038,134.065,134.038,134.065,134.066,134.065,134.054,
2022/06/10 01:04,134.084,134.085,134.038,134.038,134.071,134.066,134.049,
2022/06/10 01:03,134.069,134.083,134.068,134.083,134.078,134.068,134.045,
2022/06/10 01:02,134.076,134.085,134.055,134.070,134.072,134.066,134.039,
2022/06/10 01:01,134.091,134.092,134.076,134.077,134.066,134.065,134.034,
2022/06/10 01:00,134.070,134.100,134.060,134.091,134.062,134.062,134.029,
2022/06/10 00:59,134.052,134.075,134.044,134.070,134.058,134.058,134.026,
2022/06/10 00:58,134.044,134.061,134.044,134.052,134.058,134.051,134.023,
2022/06/10 00:57,134.055,134.060,134.027,134.044,134.062,134.046,134.021,
2022/06/10 00:56,134.070,134.070,134.054,134.055,134.067,134.039,134.020,
2022/06/10 00:55,134.069,134.080,134.058,134.070,134.068,134.031,134.019,
2022/06/10 00:54,134.073,134.089,134.067,134.069,134.066,134.022,134.017,
2022/06/10 00:53,134.068,134.079,134.060,134.073,134.063,134.015,134.016,
2022/06/10 00:52,134.063,134.080,134.061,134.068,134.058,134.008,134.016,
2022/06/10 00:51,134.058,134.065,134.045,134.063,134.052,134.004,134.014,
2022/06/10 00:50,134.057,134.070,134.042,134.058,134.035,133.999,134.013,
2022/06/10 00:49,134.046,134.072,134.043,134.057,134.021,133.996,134.014,
2022/06/10 00:48,134.037,134.060,134.037,134.046,134.000,133.993,134.016,
2022/06/10 00:47,133.981,134.039,133.981,134.037,133.982,133.993,134.018,
2022/06/10 00:46,133.986,133.986,133.968,133.981,133.964,133.992,134.022,
2022/06/10 00:45,133.952,133.987,133.952,133.986,133.963,133.997,134.029,
2022/06/10 00:44,133.954,133.984,133.949,133.952,133.961,134.003,134.037,
2022/06/10 00:43,133.950,133.961,133.946,133.954,133.974,134.010,134.047,
2022/06/10 00:42,133.973,133.974,133.939,133.950,133.984,134.016,134.057,
2022/06/10 00:41,133.980,133.991,133.971,133.973,133.998,134.025,134.067,
2022/06/10 00:40,134.017,134.018,133.971,133.980,134.008,134.035,134.076,
2022/06/10 00:39,134.003,134.024,134.003,134.017,134.019,134.043,134.084,
2022/06/10 00:38,134.020,134.023,133.998,134.003,134.021,134.051,134.091,
2022/06/10 00:37,134.021,134.042,134.008,134.020,134.030,134.062,134.098,
2022/06/10 00:36,134.036,134.054,134.020,134.021,134.039,134.072,134.104,
2022/06/10 00:35,134.027,134.043,134.019,134.037,134.042,134.083,134.109,
2022/06/10 00:34,134.045,134.050,134.022,134.027,134.042,134.093,134.114,
2022/06/10 00:33,134.068,134.069,134.040,134.045,134.051,134.103,134.120,
2022/06/10 00:32,134.036,134.072,134.028,134.068,134.062,134.112,134.127,
2022/06/10 00:31,134.037,134.044,134.030,134.036,134.065,134.117,134.133,
2022/06/10 00:30,134.070,134.070,134.037,134.037,134.082,134.127,134.139,
2022/06/10 00:29,134.100,134.100,134.070,134.070,134.103,134.136,134.148,
2022/06/10 00:28,134.086,134.102,134.086,134.100,134.119,134.142,134.155,
2022/06/10 00:27,134.121,134.121,134.079,134.085,134.132,134.144,134.161,
2022/06/10 00:26,134.139,134.142,134.121,134.121,134.149,134.148,134.166,
2022/06/10 00:25,134.149,134.157,134.135,134.140,134.156,134.151,134.170,
2022/06/10 00:24,134.168,134.169,134.149,134.149,134.161,134.155,134.174,
2022/06/10 00:23,134.169,134.176,134.160,134.168,134.158,134.158,134.175,
2022/06/10 00:22,134.155,134.171,134.150,134.169,134.157,134.158,134.176,
2022/06/10 00:21,134.165,134.182,134.154,134.155,134.153,134.162,134.180,
2022/06/10 00:20,134.137,134.168,134.137,134.165,134.152,134.168,134.187,
2022/06/10 00:19,134.163,134.169,134.113,134.137,134.144,134.172,134.194,
2022/06/10 00:18,134.150,134.178,134.149,134.163,134.144,134.175,134.201,
2022/06/10 00:17,134.151,134.157,134.103,134.149,134.144,134.180,134.207,
2022/06/10 00:16,134.121,134.150,134.121,134.150,134.153,134.184,134.212,
2022/06/10 00:15,134.142,134.145,134.114,134.121,134.160,134.187,134.218,
2022/06/10 00:14,134.163,134.170,134.138,134.142,134.171,134.191,134.224,
2022/06/10 00:13,134.193,134.198,134.162,134.162,134.186,134.201,134.228,
2022/06/10 00:12,134.184,134.201,134.182,134.194,134.199,134.211,134.231,
2022/06/10 00:11,134.175,134.193,134.169,134.184,134.205,134.219,134.232,
2022/06/10 00:10,134.217,134.217,134.171,134.175,134.204,134.228,134.232,
2022/06/10 00:09,134.225,134.243,134.210,134.217,134.213,134.236,134.233,
2022/06/10 00:08,134.225,134.236,134.216,134.225,134.211,134.238,134.231,
2022/06/10 00:07,134.179,134.225,134.177,134.225,134.203,134.243,134.228,
2022/06/10 00:06,134.220,134.223,134.161,134.179,134.192,134.245,134.224,
2022/06/10 00:05,134.210,134.243,134.210,134.220,134.211,134.249,134.221,
2022/06/10 00:04,134.183,134.224,134.181,134.210,134.226,134.249,134.217,
2022/06/10 00:03,134.172,134.194,134.155,134.183,134.244,134.249,134.212,
2022/06/10 00:02,134.272,134.272,134.118,134.171,134.267,134.250,134.210,
2022/06/10 00:01,134.297,134.299,134.243,134.272,134.288,134.251,134.210,
2022/06/10 00:00,134.304,134.310,134.293,134.297,134.284,134.244,134.203,
2022/06/09 23:59,134.300,134.308,134.267,134.300,134.282,134.234,134.192,
2022/06/09 23:58,134.274,134.304,134.271,134.300,134.272,134.221,134.179,
2022/06/09 23:57,134.251,134.294,134.237,134.274,134.257,134.208,134.168,
2022/06/09 23:56,134.288,134.289,134.233,134.251,134.247,134.197,134.159,
2022/06/09 23:55,134.249,134.290,134.243,134.288,134.240,134.185,134.149,
2022/06/09 23:54,134.225,134.249,134.206,134.249,134.220,134.175,134.135,
2022/06/09 23:53,134.220,134.237,134.204,134.226,134.208,134.167,134.122,
2022/06/09 23:52,134.216,134.222,134.186,134.222,134.199,134.160,134.109,
2022/06/09 23:51,134.189,134.217,134.174,134.215,134.187,134.147,134.094,
2022/06/09 23:50,134.191,134.222,134.176,134.189,134.170,134.134,134.078,
2022/06/09 23:49,134.181,134.201,134.166,134.191,134.158,134.124,134.064,
2022/06/09 23:48,134.163,134.189,134.151,134.181,134.146,134.116,134.049,
2022/06/09 23:47,134.126,134.187,134.125,134.163,134.131,134.106,134.037,
2022/06/09 23:46,134.130,134.133,134.104,134.126,134.128,134.093,134.029,
2022/06/09 23:45,134.131,134.142,134.100,134.130,134.134,134.082,134.025,
2022/06/09 23:44,134.107,134.147,134.107,134.131,134.134,134.068,134.020,
2022/06/09 23:43,134.148,134.150,134.103,134.105,134.119,134.050,134.013,
2022/06/09 23:42,134.156,134.161,134.128,134.148,134.105,134.033,134.006,
2022/06/09 23:41,134.130,134.166,134.122,134.156,134.089,134.013,133.996,
2022/06/09 23:40,134.056,134.154,134.056,134.131,134.073,133.992,133.985,
2022/06/09 23:39,134.038,134.061,134.017,134.056,134.058,133.976,133.976,
2022/06/09 23:38,134.064,134.082,134.033,134.038,134.046,133.972,133.970,
2022/06/09 23:37,134.080,134.103,134.044,134.064,134.034,133.972,133.964,
2022/06/09 23:36,134.050,134.080,134.021,134.080,134.012,133.968,133.956,
2022/06/09 23:35,133.997,134.056,133.997,134.052,133.975,133.961,133.947,
2022/06/09 23:34,133.979,134.017,133.979,133.997,133.942,133.954,133.939,
2022/06/09 23:33,133.955,133.987,133.955,133.979,133.921,133.950,133.932,
2022/06/09 23:32,133.892,133.964,133.892,133.955,133.901,133.946,133.926,
2022/06/09 23:31,133.890,133.908,133.850,133.892,133.895,133.944,133.919,
2022/06/09 23:30,133.891,133.916,133.874,133.890,133.917,133.948,133.918,
2022/06/09 23:29,133.879,133.905,133.868,133.891,133.947,133.950,133.917,
2022/06/09 23:28,133.925,133.934,133.853,133.879,133.971,133.949,133.915,
2022/06/09 23:27,133.999,134.004,133.895,133.926,133.992,133.950,133.911,
2022/06/09 23:26,134.042,134.042,133.988,133.999,133.999,133.947,133.905,
2022/06/09 23:25,134.013,134.046,134.005,134.042,133.988,133.936,133.894,
2022/06/09 23:24,133.984,134.019,133.976,134.013,133.965,133.921,133.879,
2022/06/09 23:23,133.959,133.997,133.958,133.984,133.948,133.906,133.866,
2022/06/09 23:22,133.945,133.969,133.935,133.959,133.940,133.897,133.854,
2022/06/09 23:21,133.927,133.958,133.917,133.946,133.931,133.889,133.842,
2022/06/09 23:20,133.929,133.957,133.923,133.927,133.920,133.882,133.832,
2022/06/09 23:19,133.940,133.954,133.908,133.928,133.912,133.873,133.821,
2022/06/09 23:18,133.916,133.947,133.913,133.940,133.903,133.862,133.812,
2022/06/09 23:17,133.889,133.923,133.883,133.916,133.887,133.849,133.801,
2022/06/09 23:16,133.888,133.911,133.872,133.889,133.873,133.835,133.789,
2022/06/09 23:15,133.886,133.893,133.864,133.888,133.858,133.824,133.781,
2022/06/09 23:14,133.857,133.890,133.848,133.886,133.853,133.811,133.775,
2022/06/09 23:13,133.845,133.881,133.845,133.858,133.848,133.798,133.768,
2022/06/09 23:12,133.815,133.852,133.812,133.845,133.848,133.788,133.762,
2022/06/09 23:11,133.865,133.867,133.803,133.815,133.840,133.777,133.757,
2022/06/09 23:10,133.862,133.888,133.850,133.864,133.834,133.771,133.754,
2022/06/09 23:09,133.854,133.921,133.841,133.862,133.817,133.759,133.748,
2022/06/09 23:08,133.807,133.854,133.798,133.854,133.791,133.744,133.744,
2022/06/09 23:07,133.785,133.809,133.777,133.807,133.768,133.733,133.738,
2022/06/09 23:06,133.780,133.804,133.780,133.785,133.750,133.729,133.733,
2022/06/09 23:05,133.733,133.809,133.729,133.780,133.738,133.726,133.729,
2022/06/09 23:04,133.736,133.742,133.710,133.733,133.727,133.722,133.725,
2022/06/09 23:03,133.718,133.741,133.702,133.736,133.721,133.723,133.723,
2022/06/09 23:02,133.723,133.728,133.684,133.718,133.720,133.725,133.719,
2022/06/09 23:01,133.723,133.737,133.699,133.723,133.719,133.726,133.718,
2022/06/09 23:00,133.704,133.770,133.704,133.727,133.708,133.730,133.716,
2022/06/09 22:59,133.733,133.746,133.700,133.704,133.706,133.730,133.711,
2022/06/09 22:58,133.712,133.764,133.708,133.731,133.716,133.730,133.710,
2022/06/09 22:57,133.670,133.720,133.670,133.712,133.719,133.727,133.710,
2022/06/09 22:56,133.716,133.724,133.659,133.670,133.722,133.726,133.710,
2022/06/09 22:55,133.753,133.758,133.711,133.715,133.737,133.728,133.712,
2022/06/09 22:54,133.745,133.754,133.722,133.753,133.745,133.723,133.712,
2022/06/09 22:53,133.730,133.771,133.710,133.745,133.743,133.719,133.713,
2022/06/09 22:52,133.742,133.747,133.706,133.730,133.747,133.714,133.719,
2022/06/09 22:51,133.758,133.761,133.736,133.742,133.747,133.705,133.727,
2022/06/09 22:50,133.740,133.773,133.732,133.758,133.739,133.701,133.736,
2022/06/09 22:49,133.768,133.769,133.723,133.740,133.727,133.700,133.744,
2022/06/09 22:48,133.727,133.769,133.727,133.768,133.717,133.698,133.751,
2022/06/09 22:47,133.703,133.748,133.685,133.727,133.702,133.693,133.761,
2022/06/09 22:46,133.697,133.707,133.670,133.703,133.688,133.692,133.777,
2022/06/09 22:45,133.694,133.719,133.663,133.697,133.687,133.697,133.794,
2022/06/09 22:44,133.694,133.713,133.679,133.694,133.685,133.710,133.810,
2022/06/09 22:43,133.657,133.693,133.604,133.692,133.668,133.726,133.823,
2022/06/09 22:42,133.696,133.712,133.633,133.657,133.667,133.745,133.833,
2022/06/09 22:41,133.685,133.716,133.680,133.697,133.685,133.765,133.845,
2022/06/09 22:40,133.612,133.688,133.612,133.685,133.688,133.779,133.853,
2022/06/09 22:39,133.685,133.686,133.594,133.612,133.693,133.803,133.862,
2022/06/09 22:38,133.745,133.746,133.670,133.687,133.712,133.838,133.876,
2022/06/09 22:37,133.711,133.753,133.700,133.745,133.728,133.866,133.887,
2022/06/09 22:36,133.711,133.723,133.685,133.711,133.753,133.889,133.893,
2022/06/09 22:35,133.711,133.743,133.676,133.712,133.791,133.908,133.901,
2022/06/09 22:34,133.767,133.790,133.674,133.707,133.836,133.923,133.909,
2022/06/09 22:33,133.872,133.876,133.734,133.767,133.879,133.937,133.918,
2022/06/09 22:32,133.899,133.910,133.871,133.872,133.902,133.945,133.922,
2022/06/09 22:31,133.934,133.938,133.892,133.901,133.926,133.945,133.920,
2022/06/09 22:30,133.923,133.966,133.895,133.935,133.958,133.946,133.916,
2022/06/09 22:29,133.882,133.945,133.865,133.922,133.983,133.945,133.910,
2022/06/09 22:28,133.994,134.001,133.878,133.882,134.006,133.941,133.903,
2022/06/09 22:27,134.059,134.065,133.994,133.994,134.023,133.940,133.898,
2022/06/09 22:26,134.058,134.088,134.040,134.059,134.004,133.931,133.888,
2022/06/09 22:25,134.042,134.094,134.025,134.059,133.971,133.918,133.873,
2022/06/09 22:24,133.966,134.040,133.966,134.040,133.933,133.904,133.860,
2022/06/09 22:23,133.898,133.971,133.895,133.966,133.899,133.888,133.848,
2022/06/09 22:22,133.897,133.918,133.891,133.898,133.889,133.876,133.839,
2022/06/09 22:21,133.867,133.897,133.855,133.897,133.895,133.869,133.831,
2022/06/09 22:20,133.871,133.888,133.849,133.867,133.888,133.859,133.823,
2022/06/09 22:19,133.914,133.924,133.853,133.871,133.889,133.853,133.819,
2022/06/09 22:18,133.927,133.942,133.909,133.914,133.891,133.846,133.817,
2022/06/09 22:17,133.864,133.927,133.857,133.927,133.886,133.832,133.813,
2022/06/09 22:16,133.871,133.875,133.836,133.864,133.874,133.822,133.811,
2022/06/09 22:15,133.880,133.886,133.861,133.871,133.868,133.816,133.813,
2022/06/09 22:14,133.892,133.916,133.875,133.880,133.856,133.808,133.816,
2022/06/09 22:13,133.866,133.904,133.863,133.892,133.842,133.798,133.818,
2022/06/09 22:12,133.834,133.881,133.818,133.866,133.818,133.784,133.816,
2022/06/09 22:11,133.813,133.863,133.805,133.832,133.801,133.778,133.814,
2022/06/09 22:10,133.809,133.868,133.803,133.813,133.791,133.778,133.813,
2022/06/09 22:09,133.771,133.811,133.771,133.809,133.776,133.780,133.812,
2022/06/09 22:08,133.780,133.794,133.772,133.773,133.773,133.785,133.812,
2022/06/09 22:07,133.778,133.804,133.760,133.782,133.776,133.796,133.814,
2022/06/09 22:06,133.741,133.789,133.741,133.778,133.772,133.808,133.816,
2022/06/09 22:05,133.797,133.804,133.739,133.739,133.767,133.818,133.816,
2022/06/09 22:04,133.787,133.814,133.757,133.797,133.761,133.827,133.819,
2022/06/09 22:03,133.763,133.798,133.756,133.787,133.760,133.828,133.817,
2022/06/09 22:02,133.749,133.788,133.723,133.763,133.767,133.831,133.813,
2022/06/09 22:01,133.713,133.760,133.713,133.749,133.783,133.834,133.810,
2022/06/09 22:00,133.788,133.789,133.700,133.713,133.809,133.837,133.806,
2022/06/09 21:59,133.825,133.843,133.786,133.788,133.848,133.846,133.803,
2022/06/09 21:58,133.838,133.850,133.807,133.824,133.879,133.849,133.796,
2022/06/09 21:57,133.880,133.914,133.842,133.842,133.897,133.844,133.789,
2022/06/09 21:56,133.909,133.921,133.864,133.878,133.899,133.841,133.781,
2022/06/09 21:55,133.942,133.949,133.881,133.909,133.885,133.832,133.772,
2022/06/09 21:54,133.914,133.962,133.914,133.942,133.868,133.816,133.765,
2022/06/09 21:53,133.852,133.921,133.836,133.914,133.839,133.798,133.756,
2022/06/09 21:52,133.811,133.866,133.811,133.852,133.816,133.779,133.749,
2022/06/09 21:51,133.826,133.842,133.811,133.811,133.811,133.764,133.745,
2022/06/09 21:50,133.796,133.849,133.796,133.825,133.813,133.750,133.745,
2022/06/09 21:49,133.798,133.802,133.743,133.796,133.802,133.739,133.744,
2022/06/09 21:48,133.826,133.833,133.797,133.798,133.802,133.729,133.744,
2022/06/09 21:47,133.820,133.854,133.820,133.826,133.794,133.721,133.744,
2022/06/09 21:46,133.770,133.833,133.765,133.820,133.771,133.715,133.744,
2022/06/09 21:45,133.797,133.803,133.769,133.770,133.747,133.710,133.741,
2022/06/09 21:44,133.758,133.804,133.758,133.797,133.727,133.710,133.746,
2022/06/09 21:43,133.711,133.774,133.711,133.757,133.698,133.709,133.751,
2022/06/09 21:42,133.701,133.724,133.682,133.712,133.674,133.712,133.760,
2022/06/09 21:41,133.670,133.707,133.663,133.702,133.666,133.719,133.770,
2022/06/09 21:40,133.651,133.679,133.649,133.670,133.661,133.727,133.780,
2022/06/09 21:39,133.638,133.654,133.628,133.650,133.665,133.737,133.792,
2022/06/09 21:38,133.671,133.680,133.622,133.638,133.684,133.749,133.802,
2022/06/09 21:37,133.675,133.691,133.659,133.672,133.708,133.760,133.817,
2022/06/09 21:36,133.692,133.692,133.645,133.675,133.726,133.775,133.832,
2022/06/09 21:35,133.747,133.770,133.686,133.692,133.748,133.792,133.847,
2022/06/09 21:34,133.758,133.778,133.741,133.747,133.771,133.811,133.861,
2022/06/09 21:33,133.762,133.786,133.734,133.758,133.781,133.825,133.869,
2022/06/09 21:32,133.781,133.781,133.727,133.762,133.790,133.837,133.876,
2022/06/09 21:31,133.807,133.821,133.777,133.782,133.798,133.849,133.884,
2022/06/09 21:30,133.794,133.832,133.784,133.807,133.804,133.856,133.889,
2022/06/09 21:29,133.803,133.817,133.788,133.797,133.797,133.866,133.889,
2022/06/09 21:28,133.802,133.814,133.784,133.802,133.811,133.881,133.891,
2022/06/09 21:27,133.821,133.831,133.799,133.802,133.830,133.895,133.892,
2022/06/09 21:26,133.768,133.823,133.741,133.816,133.859,133.909,133.893,
2022/06/09 21:25,133.868,133.872,133.771,133.771,133.882,133.917,133.895,
2022/06/09 21:24,133.894,133.924,133.859,133.868,133.910,133.928,133.899,
2022/06/09 21:23,133.947,133.948,133.878,133.894,133.919,133.932,133.900,
2022/06/09 21:22,133.929,133.963,133.906,133.948,133.915,133.931,133.898,
2022/06/09 21:21,133.915,133.936,133.895,133.929,133.914,133.921,133.891,
2022/06/09 21:20,133.915,133.963,133.914,133.915,133.924,133.915,133.883,
2022/06/09 21:19,133.875,133.914,133.873,133.911,133.940,133.907,133.873,
2022/06/09 21:18,133.942,133.943,133.868,133.875,133.954,133.901,133.865,
2022/06/09 21:17,133.981,133.984,133.938,133.942,133.963,133.898,133.857,
2022/06/09 21:16,133.992,133.994,133.954,133.981,133.957,133.892,133.848,
2022/06/09 21:15,133.982,134.023,133.939,133.992,133.945,133.885,133.834,
2022/06/09 21:14,133.919,133.982,133.918,133.982,133.923,133.874,133.824,
2022/06/09 21:13,133.914,133.953,133.914,133.919,133.891,133.860,133.813,
2022/06/09 21:12,133.922,133.936,133.907,133.914,133.876,133.849,133.806,
2022/06/09 21:11,133.882,133.931,133.879,133.922,133.856,133.833,133.797,
2022/06/09 21:10,133.818,133.882,133.815,133.882,133.837,133.818,133.784,
2022/06/09 21:09,133.843,133.874,133.811,133.820,133.830,133.806,133.774,
2022/06/09 21:08,133.813,133.858,133.805,133.843,133.839,133.801,133.767,
2022/06/09 21:07,133.830,133.834,133.805,133.813,133.848,133.789,133.754,
2022/06/09 21:06,133.844,133.857,133.820,133.830,133.855,133.786,133.737,
2022/06/09 21:05,133.865,133.865,133.804,133.845,133.849,133.780,133.717,
2022/06/09 21:04,133.888,133.888,133.831,133.865,133.833,133.774,133.698,
2022/06/09 21:03,133.848,133.888,133.835,133.888,133.803,133.763,133.678,
2022/06/09 21:02,133.806,133.850,133.806,133.848,133.771,133.745,133.658,
2022/06/09 21:01,133.761,133.817,133.757,133.802,133.746,133.731,133.640,
2022/06/09 21:00,133.711,133.767,133.694,133.765,133.736,133.721,133.623,
2022/06/09 20:59,133.728,133.732,133.703,133.712,133.721,133.706,133.608,
2022/06/09 20:58,133.724,133.758,133.724,133.728,133.733,133.687,133.594,
2022/06/09 20:57,133.753,133.772,133.719,133.723,133.739,133.662,133.580,
2022/06/09 20:56,133.689,133.766,133.685,133.753,133.747,133.641,133.564,
2022/06/09 20:55,133.773,133.797,133.683,133.689,133.740,133.616,133.548,
2022/06/09 20:54,133.758,133.786,133.748,133.775,133.735,133.600,133.535,
2022/06/09 20:53,133.762,133.780,133.736,133.757,133.712,133.577,133.517,
2022/06/09 20:52,133.719,133.775,133.700,133.763,133.696,133.553,133.502,
2022/06/09 20:51,133.661,133.723,133.656,133.719,133.656,133.528,133.487,
2022/06/09 20:50,133.659,133.675,133.622,133.661,133.606,133.505,133.474,
2022/06/09 20:49,133.679,133.685,133.606,133.662,133.555,133.488,133.462,
2022/06/09 20:48,133.569,133.678,133.559,133.675,133.510,133.467,133.448,
2022/06/09 20:47,133.469,133.567,133.459,133.565,133.463,133.447,133.435,
2022/06/09 20:46,133.404,133.482,133.404,133.469,133.446,133.436,133.426,
2022/06/09 20:45,133.441,133.458,133.378,133.404,133.447,133.430,133.421,
2022/06/09 20:44,133.440,133.462,133.436,133.441,133.455,133.433,133.419,
2022/06/09 20:43,133.478,133.482,133.436,133.440,133.454,133.434,133.413,
2022/06/09 20:42,133.476,133.480,133.462,133.477,133.452,133.433,133.410,
2022/06/09 20:41,133.445,133.488,133.435,133.476,133.442,133.428,133.403,
2022/06/09 20:40,133.435,133.447,133.422,133.445,133.425,133.420,133.397,
2022/06/09 20:39,133.427,133.439,133.419,133.435,133.419,133.417,133.395,
2022/06/09 20:38,133.429,133.434,133.420,133.427,133.417,133.413,133.393,
2022/06/09 20:37,133.390,133.429,133.388,133.429,133.410,133.408,133.392,
2022/06/09 20:36,133.416,133.416,133.389,133.390,133.412,133.402,133.390,
2022/06/09 20:35,133.424,133.430,133.398,133.416,133.425,133.398,133.390,
2022/06/09 20:34,133.392,133.429,133.392,133.424,133.429,133.393,133.388,
2022/06/09 20:33,133.440,133.440,133.386,133.392,133.426,133.387,133.385,
2022/06/09 20:32,133.453,133.459,133.423,133.440,133.422,133.384,133.385,
2022/06/09 20:31,133.434,133.460,133.415,133.455,133.414,133.380,133.382,
2022/06/09 20:30,133.411,133.434,133.410,133.434,133.399,133.376,133.378,
2022/06/09 20:29,133.374,133.412,133.374,133.410,133.385,133.374,133.374,
2022/06/09 20:28,133.398,133.400,133.370,133.374,133.374,133.372,133.373,
2022/06/09 20:27,133.380,133.404,133.378,133.398,133.365,133.373,133.374,
2022/06/09 20:26,133.363,133.381,133.344,133.380,133.358,133.371,133.373,
2022/06/09 20:25,133.355,133.384,133.349,133.363,133.351,133.370,133.373,
2022/06/09 20:24,133.333,133.357,133.332,133.355,133.348,133.372,133.372,
2022/06/09 20:23,133.363,133.366,133.325,133.333,133.356,133.373,133.370,
2022/06/09 20:22,133.341,133.369,133.337,133.363,133.368,133.376,133.369,
2022/06/09 20:21,133.352,133.358,133.338,133.341,133.377,133.376,133.366,
2022/06/09 20:20,133.391,133.396,133.338,133.352,133.387,133.379,133.364,
2022/06/09 20:19,133.394,133.402,133.388,133.391,133.393,133.382,133.362,
2022/06/09 20:18,133.410,133.415,133.391,133.394,133.388,133.382,133.359,
2022/06/09 20:17,133.391,133.416,133.390,133.410,133.385,133.380,133.355,
2022/06/09 20:16,133.381,133.391,133.364,133.391,133.381,133.375,133.350,
2022/06/09 20:15,133.369,133.389,133.368,133.381,133.376,133.370,133.344,
2022/06/09 20:14,133.376,133.379,133.364,133.369,133.374,133.364,133.341,
2022/06/09 20:13,133.389,133.390,133.375,133.377,133.373,133.359,133.337,
2022/06/09 20:12,133.367,133.389,133.365,133.389,133.373,133.353,133.333,
2022/06/09 20:11,133.370,133.379,133.353,133.367,133.373,133.347,133.329,
2022/06/09 20:10,133.364,133.375,133.363,133.370,133.379,133.344,133.324,
2022/06/09 20:09,133.377,133.380,133.356,133.363,133.377,133.339,133.318,
2022/06/09 20:08,133.392,133.394,133.374,133.377,133.375,133.334,133.312,
2022/06/09 20:07,133.394,133.406,133.392,133.392,133.364,133.326,133.307,
2022/06/09 20:06,133.362,133.395,133.362,133.394,133.347,133.319,133.298,
2022/06/09 20:05,133.352,133.372,133.351,133.362,133.328,133.312,133.290,
2022/06/09 20:04,133.323,133.368,133.323,133.351,133.316,133.307,133.286,
2022/06/09 20:03,133.306,133.332,133.297,133.323,133.307,133.303,133.283,
2022/06/09 20:02,133.299,133.314,133.294,133.306,133.309,133.298,133.280,
2022/06/09 20:01,133.301,133.317,133.288,133.299,133.308,133.293,133.277,
2022/06/09 20:00,133.309,133.314,133.289,133.301,133.308,133.289,133.274,
2022/06/09 19:59,133.332,133.332,133.307,133.309,133.304,133.286,133.271,
2022/06/09 19:58,133.303,133.332,133.303,133.331,133.302,133.279,133.270,
2022/06/09 19:57,133.300,133.312,133.290,133.303,133.295,133.271,133.268,
2022/06/09 19:56,133.280,133.306,133.275,133.300,133.294,133.268,133.264,
2022/06/09 19:55,133.298,133.298,133.267,133.280,133.293,133.267,133.262,
2022/06/09 19:54,133.296,133.302,133.289,133.298,133.290,133.266,133.264,
2022/06/09 19:53,133.297,133.313,133.289,133.296,133.279,133.262,133.266,
2022/06/09 19:52,133.299,133.315,133.294,133.297,133.269,133.256,133.267,
2022/06/09 19:51,133.262,133.306,133.262,133.299,133.261,133.252,133.268,
2022/06/09 19:50,133.244,133.288,133.241,133.262,133.245,133.252,133.270,
2022/06/09 19:49,133.246,133.249,133.219,133.245,133.238,133.253,133.273,
2022/06/09 19:48,133.255,133.255,133.237,133.246,133.243,133.252,133.279,
2022/06/09 19:47,133.220,133.258,133.217,133.255,133.251,133.253,133.283,
2022/06/09 19:46,133.228,133.238,133.181,133.220,133.253,133.258,133.287,
2022/06/09 19:45,133.270,133.270,133.227,133.227,133.258,133.266,133.294,
2022/06/09 19:44,133.283,133.286,133.259,133.270,133.257,133.274,133.300,
2022/06/09 19:43,133.268,133.286,133.264,133.283,133.251,133.277,133.303,
2022/06/09 19:42,133.245,133.278,133.236,133.268,133.254,133.282,133.304,
2022/06/09 19:41,133.222,133.254,133.209,133.245,133.256,133.287,133.307,
2022/06/09 19:40,133.240,133.240,133.196,133.223,133.253,133.296,133.313,
2022/06/09 19:39,133.295,133.295,133.236,133.240,133.261,133.305,133.321,
2022/06/09 19:38,133.278,133.301,133.262,133.295,133.275,133.312,133.326,
2022/06/09 19:37,133.240,133.278,133.239,133.278,133.283,133.317,133.329,
2022/06/09 19:36,133.253,133.287,133.217,133.232,133.294,133.324,133.331,
2022/06/09 19:35,133.312,133.314,133.234,133.261,133.309,133.330,133.334,
2022/06/09 19:34,133.336,133.336,133.311,133.312,133.325,133.334,133.337,
2022/06/09 19:33,133.330,133.364,133.326,133.336,133.330,133.336,133.338,
2022/06/09 19:32,133.310,133.337,133.285,133.330,133.336,133.339,133.336,
2022/06/09 19:31,133.340,133.340,133.308,133.310,133.336,133.343,133.337,
2022/06/09 19:30,133.335,133.358,133.319,133.340,133.342,133.345,133.339,
2022/06/09 19:29,133.368,133.372,133.334,133.335,133.345,133.346,133.340,
2022/06/09 19:28,133.332,133.386,133.332,133.367,133.351,133.346,133.340,
2022/06/09 19:27,133.339,133.347,133.329,133.332,133.342,133.341,133.340,
2022/06/09 19:26,133.354,133.355,133.339,133.339,133.338,133.340,133.345,
2022/06/09 19:25,133.366,133.368,133.351,133.354,133.337,133.339,133.352,
2022/06/09 19:24,133.319,133.371,133.313,133.366,133.342,133.335,133.358,
2022/06/09 19:23,133.314,133.336,133.297,133.319,133.343,133.334,133.365,
2022/06/09 19:22,133.337,133.351,133.294,133.314,133.348,133.337,133.373,
2022/06/09 19:21,133.375,133.376,133.318,133.336,133.356,133.340,133.382,
2022/06/09 19:20,133.373,133.386,133.367,133.375,133.354,133.340,133.390,
2022/06/09 19:19,133.344,133.383,133.342,133.373,133.339,133.339,133.394,
2022/06/09 19:18,133.356,133.356,133.340,133.344,133.330,133.345,133.398,
2022/06/09 19:17,133.328,133.365,133.301,133.356,133.325,133.355,133.403,
2022/06/09 19:16,133.298,133.339,133.298,133.326,133.315,133.364,133.407,
2022/06/09 19:15,133.328,133.328,133.273,133.300,133.321,133.378,133.416,
2022/06/09 19:14,133.319,133.343,133.304,133.328,133.332,133.393,133.427,
2022/06/09 19:13,133.307,133.331,133.279,133.319,133.336,133.406,133.438,
2022/06/09 19:12,133.358,133.366,133.268,133.304,133.340,133.420,133.449,
2022/06/09 19:11,133.354,133.392,133.354,133.358,133.353,133.433,133.460,
2022/06/09 19:10,133.348,133.361,133.339,133.354,133.370,133.441,133.469,
2022/06/09 19:09,133.337,133.378,133.336,133.347,133.396,133.448,133.479,
2022/06/09 19:08,133.372,133.396,133.292,133.337,133.421,133.456,133.490,
2022/06/09 19:07,133.440,133.442,133.356,133.372,133.455,133.469,133.502,
2022/06/09 19:06,133.486,133.491,133.434,133.440,133.478,133.481,133.513,
2022/06/09 19:05,133.473,133.487,133.468,133.486,133.491,133.490,133.521,
2022/06/09 19:04,133.496,133.500,133.468,133.473,133.494,133.494,133.527,
2022/06/09 19:03,133.488,133.507,133.485,133.506,133.492,133.499,133.533,
2022/06/09 19:02,133.503,133.504,133.484,133.488,133.484,133.503,133.537,
2022/06/09 19:01,133.501,133.505,133.496,133.503,133.476,133.508,133.542,
2022/06/09 19:00,133.465,133.504,133.465,133.501,133.465,133.514,133.546,
2022/06/09 18:59,133.466,133.478,133.458,133.465,133.467,133.521,133.551,
2022/06/09 18:58,133.446,133.471,133.446,133.466,133.480,133.531,133.558,
2022/06/09 18:57,133.448,133.460,133.436,133.446,133.497,133.542,133.564,
2022/06/09 18:56,133.514,133.518,133.445,133.448,133.516,133.555,133.571,
2022/06/09 18:55,133.528,133.528,133.503,133.514,133.534,133.568,133.579,
2022/06/09 18:54,133.550,133.551,133.527,133.528,133.541,133.574,133.584,
2022/06/09 18:53,133.543,133.560,133.542,133.550,133.548,133.579,133.588,
2022/06/09 18:52,133.537,133.545,133.524,133.543,133.554,133.581,133.591,
2022/06/09 18:51,133.550,133.554,133.537,133.537,133.564,133.586,133.597,
2022/06/09 18:50,133.561,133.561,133.548,133.550,133.576,133.591,133.602,
2022/06/09 18:49,133.583,133.586,133.553,133.561,133.588,133.595,133.606,
2022/06/09 18:48,133.590,133.592,133.576,133.583,133.598,133.598,133.610,
2022/06/09 18:47,133.594,133.596,133.577,133.591,133.604,133.600,133.614,
2022/06/09 18:46,133.611,133.611,133.591,133.595,133.604,133.601,133.616,
2022/06/09 18:45,133.614,133.616,133.605,133.611,133.603,133.603,133.618,
2022/06/09 18:44,133.609,133.614,133.605,133.614,133.598,133.604,133.617,
2022/06/09 18:43,133.593,133.612,133.590,133.609,133.596,133.607,133.616,
2022/06/09 18:42,133.590,133.596,133.585,133.593,133.594,133.610,133.616,
2022/06/09 18:41,133.588,133.591,133.583,133.590,133.595,133.614,133.615,
2022/06/09 18:40,133.602,133.613,133.586,133.588,133.597,133.617,133.615,
2022/06/09 18:39,133.600,133.607,133.588,133.602,133.603,133.623,133.612,
2022/06/09 18:38,133.600,133.607,133.595,133.599,133.604,133.626,133.608,
2022/06/09 18:37,133.600,133.611,133.597,133.600,133.607,133.629,133.604,
2022/06/09 18:36,133.614,133.614,133.579,133.600,133.611,133.628,133.602,
2022/06/09 18:35,133.608,133.615,133.597,133.614,133.623,133.628,133.600,
2022/06/09 18:34,133.615,133.618,133.607,133.608,133.630,133.627,133.596,
2022/06/09 18:33,133.622,133.632,133.610,133.615,133.637,133.625,133.595,
2022/06/09 18:32,133.658,133.658,133.612,133.622,133.641,133.622,133.594,
2022/06/09 18:31,133.648,133.659,133.642,133.658,133.648,133.615,133.591,
2022/06/09 18:30,133.643,133.653,133.640,133.648,133.644,133.605,133.586,
2022/06/09 18:29,133.636,133.655,133.635,133.643,133.643,133.594,133.582,
2022/06/09 18:28,133.659,133.659,133.627,133.636,133.632,133.588,133.576,
2022/06/09 18:27,133.636,133.670,133.634,133.659,133.624,133.581,133.574,
2022/06/09 18:26,133.642,133.642,133.621,133.636,133.612,133.572,133.571,
2022/06/09 18:25,133.592,133.651,133.592,133.642,133.602,133.568,133.570,
2022/06/09 18:24,133.594,133.600,133.584,133.592,133.589,133.563,133.571,
2022/06/09 18:23,133.598,133.603,133.585,133.594,133.576,133.561,133.575,
2022/06/09 18:22,133.588,133.619,133.575,133.598,133.563,133.559,133.580,
2022/06/09 18:21,133.575,133.590,133.568,133.588,133.546,133.555,133.584,
2022/06/09 18:20,133.529,133.582,133.529,133.575,133.541,133.551,133.589,
2022/06/09 18:19,133.529,133.538,133.506,133.529,133.535,133.552,133.592,
2022/06/09 18:18,133.511,133.533,133.498,133.529,133.538,133.556,133.597,
2022/06/09 18:17,133.563,133.565,133.507,133.511,133.549,133.563,133.601,
2022/06/09 18:16,133.544,133.578,133.537,133.563,133.563,133.576,133.608,
2022/06/09 18:15,133.544,133.575,133.540,133.544,133.562,133.584,133.613,
2022/06/09 18:14,133.586,133.587,133.544,133.544,133.566,133.596,133.619,
2022/06/09 18:13,133.578,133.586,133.566,133.586,133.568,133.606,133.625,
2022/06/09 18:12,133.559,133.578,133.559,133.578,133.557,133.615,133.629,
2022/06/09 18:11,133.564,133.573,133.559,133.559,133.558,133.620,133.632,
2022/06/09 18:10,133.555,133.571,133.547,133.564,133.565,133.625,133.636,
2022/06/09 18:09,133.529,133.565,133.528,133.555,133.576,133.629,133.641,
2022/06/09 18:08,133.585,133.594,133.528,133.529,133.599,133.637,133.645,
2022/06/09 18:07,133.593,133.596,133.568,133.585,133.628,133.648,133.651,
2022/06/09 18:06,133.619,133.649,133.593,133.593,133.650,133.653,133.654,
2022/06/09 18:05,133.669,133.669,133.608,133.619,133.667,133.660,133.659,
2022/06/09 18:04,133.678,133.681,133.656,133.669,133.682,133.664,133.663,
2022/06/09 18:03,133.693,133.701,133.673,133.678,133.677,133.662,133.667,
2022/06/09 18:02,133.682,133.699,133.674,133.691,133.669,133.660,133.670,
2022/06/09 18:01,133.693,133.700,133.671,133.682,133.653,133.657,133.670,
2022/06/09 18:00,133.644,133.695,133.644,133.693,133.648,133.655,133.671,
2022/06/09 17:59,133.635,133.652,133.616,133.644,133.643,133.651,133.669,
2022/06/09 17:58,133.614,133.635,133.612,133.635,133.646,133.651,133.670,
2022/06/09 17:57,133.658,133.659,133.600,133.613,133.656,133.657,133.671,
2022/06/09 17:56,133.667,133.682,133.654,133.658,133.667,133.664,133.673,
2022/06/09 17:55,133.658,133.676,133.634,133.667,133.663,133.671,133.671,
2022/06/09 17:54,133.685,133.686,133.646,133.658,133.659,133.676,133.666,
2022/06/09 17:53,133.667,133.687,133.661,133.685,133.659,133.679,133.660,
2022/06/09 17:52,133.643,133.668,133.643,133.667,133.652,133.680,133.654,
2022/06/09 17:51,133.650,133.661,133.621,133.639,133.648,133.679,133.648,
2022/06/09 17:50,133.657,133.673,133.644,133.650,133.650,133.681,133.643,
2022/06/09 17:49,133.650,133.660,133.644,133.657,133.661,133.682,133.638,
2022/06/09 17:48,133.646,133.655,133.634,133.650,133.670,133.681,133.633,
2022/06/09 17:47,133.648,133.655,133.642,133.646,133.691,133.679,133.629,
2022/06/09 17:46,133.705,133.712,133.648,133.648,133.707,133.672,133.626,
2022/06/09 17:45,133.705,133.713,133.695,133.705,133.719,133.664,133.622,
2022/06/09 17:44,133.751,133.760,133.702,133.705,133.717,133.652,133.616,
2022/06/09 17:43,133.730,133.767,133.715,133.751,133.708,133.639,133.610,
2022/06/09 17:42,133.705,133.730,133.701,133.730,133.690,133.623,133.600,
2022/06/09 17:41,133.696,133.714,133.689,133.706,133.676,133.608,133.591,
2022/06/09 17:40,133.657,133.697,133.657,133.696,133.663,133.596,133.583,
2022/06/09 17:39,133.662,133.671,133.640,133.657,133.649,133.587,133.574,
2022/06/09 17:38,133.661,133.679,133.639,133.662,133.629,133.581,133.567,
2022/06/09 17:37,133.640,133.671,133.637,133.661,133.605,133.573,133.558,
2022/06/09 17:36,133.625,133.644,133.605,133.640,133.582,133.568,133.549,
2022/06/09 17:35,133.561,133.648,133.561,133.625,133.561,133.563,133.540,
2022/06/09 17:34,133.539,133.566,133.539,133.561,133.546,133.557,133.531,
2022/06/09 17:33,133.549,133.561,133.528,133.539,133.541,133.555,133.524,
2022/06/09 17:32,133.531,133.563,133.531,133.549,133.543,133.555,133.520,
2022/06/09 17:31,133.549,133.553,133.526,133.532,133.548,133.551,133.517,
2022/06/09 17:30,133.539,133.549,133.527,133.549,133.557,133.550,133.515,
2022/06/09 17:29,133.548,133.550,133.526,133.539,133.560,133.544,133.512,
2022/06/09 17:28,133.576,133.578,133.547,133.548,133.570,133.538,133.510,
2022/06/09 17:27,133.577,133.589,133.570,133.576,133.576,133.531,133.507,
2022/06/09 17:26,133.564,133.578,133.553,133.577,133.569,133.520,133.501,
2022/06/09 17:25,133.587,133.588,133.555,133.564,133.561,133.507,133.496,
2022/06/09 17:24,133.578,133.594,133.567,133.587,133.556,133.499,133.492,
2022/06/09 17:23,133.543,133.588,133.543,133.578,133.539,133.492,133.490,
2022/06/09 17:22,133.535,133.549,133.529,133.543,133.526,133.484,133.487,
2022/06/09 17:21,133.539,133.547,133.530,133.535,133.513,133.480,133.485,
2022/06/09 17:20,133.503,133.549,133.503,133.538,133.497,133.478,133.481,
2022/06/09 17:19,133.513,133.513,133.490,133.503,133.481,133.474,133.478,
2022/06/09 17:18,133.479,133.515,133.479,133.513,133.467,133.470,133.475,
2022/06/09 17:17,133.454,133.493,133.454,133.479,133.446,133.466,133.474,
2022/06/09 17:16,133.460,133.475,133.448,133.454,133.444,133.467,133.474,
2022/06/09 17:15,133.434,133.461,133.429,133.460,133.451,133.473,133.477,
2022/06/09 17:14,133.409,133.443,133.382,133.431,133.455,133.477,133.483,
2022/06/09 17:13,133.458,133.473,133.404,133.410,133.467,133.483,133.490,
2022/06/09 17:12,133.489,133.489,133.447,133.466,133.485,133.486,133.499,
2022/06/09 17:11,133.480,133.491,133.473,133.489,133.489,133.486,133.502,
2022/06/09 17:10,133.494,133.495,133.469,133.480,133.482,133.483,133.505,
2022/06/09 17:09,133.499,133.510,133.486,133.494,133.477,133.483,133.508,
2022/06/09 17:08,133.485,133.499,133.475,133.499,133.478,133.483,133.509,
2022/06/09 17:07,133.453,133.493,133.452,133.485,133.484,133.485,133.511,
2022/06/09 17:06,133.460,133.472,133.422,133.453,133.491,133.491,133.514,
2022/06/09 17:05,133.496,133.505,133.450,133.458,133.501,133.502,133.517,
2022/06/09 17:04,133.530,133.530,133.473,133.495,133.500,133.512,133.519,
2022/06/09 17:03,133.523,133.535,133.503,133.530,133.495,133.515,133.517,
2022/06/09 17:02,133.506,133.534,133.500,133.523,133.478,133.517,133.514,
2022/06/09 17:01,133.448,133.532,133.448,133.502,133.470,133.517,133.511,
2022/06/09 17:00,133.467,133.510,133.438,133.450,133.469,133.519,133.509,
2022/06/09 16:59,133.447,133.486,133.428,133.472,133.482,133.527,133.507,
2022/06/09 16:58,133.479,133.498,133.447,133.447,133.502,133.531,133.509,
2022/06/09 16:57,133.497,133.505,133.454,133.479,133.530,133.537,133.515,
2022/06/09 16:56,133.516,133.542,133.497,133.497,133.552,133.538,133.521,
2022/06/09 16:55,133.571,133.571,133.505,133.516,133.560,133.535,133.527,
2022/06/09 16:54,133.588,133.598,133.557,133.571,133.568,133.531,133.531,
2022/06/09 16:53,133.591,133.600,133.570,133.588,133.559,133.524,133.533,
2022/06/09 16:52,133.539,133.593,133.539,133.591,133.546,133.514,133.534,
2022/06/09 16:51,133.552,133.552,133.536,133.539,133.538,133.500,133.534,
2022/06/09 16:50,133.530,133.552,133.520,133.552,133.536,133.498,133.536,
2022/06/09 16:49,133.522,133.531,133.500,133.529,133.530,133.499,133.540,
2022/06/09 16:48,133.550,133.553,133.521,133.522,133.524,133.505,133.543,
2022/06/09 16:47,133.532,133.566,133.530,133.550,133.511,133.512,133.546,
2022/06/09 16:46,133.522,133.542,133.504,133.531,133.493,133.517,133.548,
2022/06/09 16:45,133.499,133.546,133.498,133.522,133.482,133.522,133.549,
2022/06/09 16:44,133.455,133.513,133.423,133.498,133.470,133.530,133.548,
2022/06/09 16:43,133.463,133.472,133.436,133.455,133.452,133.536,133.547,
2022/06/09 16:42,133.474,133.492,133.445,133.463,133.463,133.547,133.555,
2022/06/09 16:41,133.461,133.480,133.423,133.474,133.484,133.559,133.562,
2022/06/09 16:40,133.413,133.476,133.406,133.461,133.512,133.569,133.568,
2022/06/09 16:39,133.511,133.530,133.402,133.409,133.542,133.578,133.575,
2022/06/09 16:38,133.568,133.580,133.504,133.511,133.581,133.592,133.589,
2022/06/09 16:37,133.613,133.618,133.564,133.568,133.600,133.595,133.597,
2022/06/09 16:36,133.614,133.620,133.592,133.613,133.611,133.590,133.606,
2022/06/09 16:35,133.602,133.619,133.584,133.614,133.604,133.580,133.613,
2022/06/09 16:34,133.607,133.614,133.547,133.602,133.601,133.580,133.621,
2022/06/09 16:33,133.622,133.629,133.597,133.607,133.603,133.580,133.626,
2022/06/09 16:32,133.578,133.637,133.577,133.623,133.603,133.580,133.634,
2022/06/09 16:31,133.595,133.597,133.572,133.578,133.596,133.580,133.642,
2022/06/09 16:30,133.616,133.619,133.577,133.595,133.597,133.589,133.653,
2022/06/09 16:29,133.605,133.619,133.581,133.616,133.587,133.596,133.663,
2022/06/09 16:28,133.586,133.609,133.581,133.605,133.564,133.606,133.673,
2022/06/09 16:27,133.586,133.600,133.536,133.586,133.542,133.618,133.684,
2022/06/09 16:26,133.546,133.588,133.508,133.585,133.546,133.633,133.698,
2022/06/09 16:25,133.504,133.546,133.468,133.546,133.551,133.643,133.710,
2022/06/09 16:24,133.492,133.543,133.477,133.502,133.562,133.661,133.722,
2022/06/09 16:23,133.605,133.605,133.480,133.492,133.587,133.683,133.736,
2022/06/09 16:22,133.602,133.636,133.577,133.605,133.626,133.707,133.753,
2022/06/09 16:21,133.603,133.621,133.517,133.610,133.643,133.722,133.764,
2022/06/09 16:20,133.625,133.649,133.556,133.603,133.670,133.739,133.776,
2022/06/09 16:19,133.689,133.701,133.585,133.625,133.701,133.757,133.788,
2022/06/09 16:18,133.688,133.702,133.653,133.689,133.732,133.776,133.798,
2022/06/09 16:17,133.750,133.753,133.687,133.689,133.739,133.788,133.805,
2022/06/09 16:16,133.758,133.770,133.724,133.747,133.755,133.797,133.810,
2022/06/09 16:15,133.781,133.782,133.740,133.758,133.765,133.801,133.814,
2022/06/09 16:14,133.724,133.782,133.723,133.781,133.774,133.807,133.818,
2022/06/09 16:13,133.768,133.779,133.707,133.724,133.778,133.812,133.821,
2022/06/09 16:12,133.796,133.802,133.765,133.768,133.798,133.821,133.828,
2022/06/09 16:11,133.804,133.818,133.793,133.796,133.812,133.829,133.834,
2022/06/09 16:10,133.798,133.805,133.761,133.804,133.827,133.832,133.840,
2022/06/09 16:09,133.825,133.825,133.777,133.798,133.835,133.833,133.847,
2022/06/09 16:08,133.841,133.865,133.821,133.825,133.837,133.834,133.854,
2022/06/09 16:07,133.870,133.880,133.833,133.841,133.832,133.834,133.859,
2022/06/09 16:06,133.843,133.883,133.816,133.870,133.831,133.834,133.863,
2022/06/09 16:05,133.809,133.850,133.809,133.843,133.826,133.832,133.866,
2022/06/09 16:04,133.799,133.813,133.760,133.809,133.827,133.834,133.870,
2022/06/09 16:03,133.833,133.844,133.780,133.799,133.839,133.840,133.874,
2022/06/09 16:02,133.849,133.879,133.821,133.834,133.846,133.851,133.880,
2022/06/09 16:01,133.846,133.884,133.840,133.849,133.844,133.859,133.885,
2022/06/09 16:00,133.868,133.884,133.828,133.845,133.835,133.867,133.889,
2022/06/09 15:59,133.836,133.873,133.833,133.869,133.831,133.874,133.891,
2022/06/09 15:58,133.822,133.838,133.818,133.836,133.825,133.878,133.892,
2022/06/09 15:57,133.806,133.827,133.777,133.821,133.827,133.885,133.895,
2022/06/09 15:56,133.826,133.828,133.796,133.807,133.837,133.893,133.898,
2022/06/09 15:55,133.839,133.843,133.807,133.826,133.853,133.901,133.902,
2022/06/09 15:54,133.843,133.852,133.829,133.839,133.875,133.908,133.905,
2022/06/09 15:53,133.871,133.871,133.830,133.843,133.896,133.916,133.907,
2022/06/09 15:52,133.889,133.896,133.847,133.871,133.918,133.922,133.910,
2022/06/09 15:51,133.935,133.937,133.883,133.889,133.930,133.923,133.909,
2022/06/09 15:50,133.944,133.952,133.934,133.936,133.938,133.923,133.908,
2022/06/09 15:49,133.950,133.950,133.931,133.944,133.936,133.920,133.905,
2022/06/09 15:48,133.931,133.960,133.931,133.950,133.931,133.916,133.901,
2022/06/09 15:47,133.931,133.949,133.931,133.931,133.923,133.911,133.897,
2022/06/09 15:46,133.930,133.938,133.923,133.929,133.921,133.909,133.891,
2022/06/09 15:45,133.920,133.931,133.897,133.927,133.923,133.905,133.884,
2022/06/09 15:44,133.908,133.925,133.905,133.920,133.922,133.902,133.879,
2022/06/09 15:43,133.922,133.939,133.907,133.908,133.914,133.898,133.873,
2022/06/09 15:42,133.938,133.941,133.922,133.922,133.912,133.895,133.869,
2022/06/09 15:41,133.922,133.948,133.922,133.938,133.907,133.890,133.863,
2022/06/09 15:40,133.883,133.924,133.883,133.922,133.899,133.885,133.857,
2022/06/09 15:39,133.900,133.909,133.876,133.883,133.891,133.880,133.851,
2022/06/09 15:38,133.897,133.924,133.896,133.898,133.894,133.874,133.848,
2022/06/09 15:37,133.896,133.901,133.873,133.897,133.889,133.866,133.845,
2022/06/09 15:36,133.884,133.903,133.884,133.896,133.889,133.859,133.843,
2022/06/09 15:35,133.898,133.902,133.872,133.884,133.882,133.852,133.842,
2022/06/09 15:34,133.874,133.916,133.874,133.897,133.879,133.847,133.842,
2022/06/09 15:33,133.897,133.898,133.870,133.874,133.872,133.839,133.841,
2022/06/09 15:32,133.862,133.900,133.860,133.897,133.871,133.834,133.842,
2022/06/09 15:31,133.866,133.869,133.843,133.862,133.863,133.826,133.840,
2022/06/09 15:30,133.862,133.900,133.858,133.866,133.853,133.824,133.840,
2022/06/09 15:29,133.872,133.877,133.849,133.862,133.838,133.821,133.840,
2022/06/09 15:28,133.856,133.884,133.841,133.872,133.826,133.821,133.839,
2022/06/09 15:27,133.809,133.866,133.797,133.856,133.813,133.822,133.838,
2022/06/09 15:26,133.795,133.814,133.794,133.809,133.805,133.823,133.837,
2022/06/09 15:25,133.802,133.808,133.769,133.794,133.802,133.829,133.840,
2022/06/09 15:24,133.806,133.811,133.789,133.802,133.806,133.835,133.843,
2022/06/09 15:23,133.816,133.832,133.806,133.806,133.804,133.841,133.845,
2022/06/09 15:22,133.795,133.816,133.780,133.816,133.810,133.845,133.846,
2022/06/09 15:21,133.811,133.819,133.795,133.795,133.813,133.849,133.845,
2022/06/09 15:20,133.796,133.813,133.772,133.811,133.825,133.851,133.845,
2022/06/09 15:19,133.837,133.845,133.795,133.795,133.839,133.854,133.846,
2022/06/09 15:18,133.828,133.848,133.828,133.837,133.855,133.858,133.847,
2022/06/09 15:17,133.853,133.857,133.809,133.829,133.865,133.860,133.847,
2022/06/09 15:16,133.882,133.882,133.849,133.855,133.875,133.863,133.845,
2022/06/09 15:15,133.874,133.890,133.873,133.882,133.878,133.861,133.845,
2022/06/09 15:14,133.887,133.891,133.855,133.874,133.873,133.857,133.840,
2022/06/09 15:13,133.877,133.891,133.875,133.887,133.872,133.852,133.835,
2022/06/09 15:12,133.870,133.885,133.864,133.877,133.859,133.845,133.829,
2022/06/09 15:11,133.858,133.873,133.839,133.870,133.855,133.841,133.822,
2022/06/09 15:10,133.868,133.881,133.850,133.858,133.849,133.837,133.815,
2022/06/09 15:09,133.824,133.881,133.824,133.871,133.851,133.835,133.810,
2022/06/09 15:08,133.856,133.857,133.803,133.823,133.849,133.829,133.804,
2022/06/09 15:07,133.838,133.858,133.829,133.856,133.852,133.831,133.799,
2022/06/09 15:06,133.871,133.880,133.835,133.838,133.846,133.825,133.791,
2022/06/09 15:05,133.860,133.881,133.848,133.871,133.841,133.819,133.784,
2022/06/09 15:04,133.836,133.863,133.826,133.860,133.825,133.811,133.781,
2022/06/09 15:03,133.827,133.851,133.799,133.836,133.818,133.801,133.778,
2022/06/09 15:02,133.814,133.836,133.804,133.827,133.815,133.793,133.774,
2022/06/09 15:01,133.790,133.827,133.780,133.813,133.815,133.786,133.773,
2022/06/09 15:00,133.825,133.838,133.760,133.790,133.812,133.782,133.774,
2022/06/09 14:59,133.826,133.851,133.812,133.825,133.823,133.776,133.773,
2022/06/09 14:58,133.828,133.852,133.816,133.822,133.814,133.765,133.771,
2022/06/09 14:57,133.797,133.846,133.796,133.828,133.802,133.756,133.768,
2022/06/09 14:56,133.842,133.846,133.795,133.797,133.789,133.753,133.769,
2022/06/09 14:55,133.783,133.849,133.783,133.843,133.775,133.754,133.770,
2022/06/09 14:54,133.761,133.797,133.761,133.783,133.755,133.747,133.770,
2022/06/09 14:53,133.762,133.767,133.745,133.761,133.745,133.748,133.778,
2022/06/09 14:52,133.731,133.769,133.728,133.762,133.744,133.754,133.790,
2022/06/09 14:51,133.738,133.746,133.693,133.731,133.735,133.756,133.802,
2022/06/09 14:50,133.736,133.747,133.718,133.738,133.724,133.759,133.816,
2022/06/09 14:49,133.754,133.763,133.736,133.736,133.717,133.762,133.829,
2022/06/09 14:48,133.719,133.764,133.714,133.754,133.730,133.770,133.842,
2022/06/09 14:47,133.678,133.721,133.643,133.719,133.738,133.774,133.853,
2022/06/09 14:46,133.701,133.751,133.668,133.678,133.746,133.784,133.866,
2022/06/09 14:45,133.798,133.811,133.699,133.701,133.770,133.805,133.880,
2022/06/09 14:44,133.796,133.820,133.796,133.798,133.797,133.828,133.893,
2022/06/09 14:43,133.758,133.811,133.758,133.798,133.794,133.845,133.899,
2022/06/09 14:42,133.799,133.801,133.754,133.758,133.791,133.863,133.904,
2022/06/09 14:41,133.834,133.838,133.789,133.799,133.792,133.883,133.912,
2022/06/09 14:40,133.785,133.838,133.785,133.834,133.801,133.899,133.920,
2022/06/09 14:39,133.777,133.807,133.768,133.785,133.797,133.911,133.924,
2022/06/09 14:38,133.766,133.805,133.745,133.780,133.808,133.926,133.935,
2022/06/09 14:37,133.843,133.843,133.714,133.766,133.842,133.941,133.947,
2022/06/09 14:36,133.812,133.855,133.806,133.843,133.890,133.957,133.960,
2022/06/09 14:35,133.842,133.855,133.785,133.812,133.925,133.963,133.971,
2022/06/09 14:34,133.950,133.950,133.833,133.842,133.969,133.970,133.984,
2022/06/09 14:33,134.006,134.009,133.934,133.950,134.004,133.977,133.997,
2022/06/09 14:32,134.017,134.019,133.999,134.006,134.015,133.977,134.005,
2022/06/09 14:31,134.030,134.031,134.005,134.017,134.012,133.972,134.011,
2022/06/09 14:30,134.017,134.034,134.017,134.030,134.005,133.971,134.017,
2022/06/09 14:29,134.003,134.017,134.001,134.017,133.995,133.971,134.023,
2022/06/09 14:28,133.991,134.014,133.991,134.006,133.985,133.973,134.028,
2022/06/09 14:27,133.984,133.994,133.982,133.991,133.968,133.977,134.033,
2022/06/09 14:26,133.978,133.993,133.970,133.984,133.951,133.985,134.039,
2022/06/09 14:25,133.966,133.988,133.956,133.978,133.941,133.996,134.045,
2022/06/09 14:24,133.923,133.977,133.923,133.966,133.936,134.006,134.053,
2022/06/09 14:23,133.906,133.934,133.903,133.923,133.929,134.020,134.061,
2022/06/09 14:22,133.935,133.947,133.885,133.906,133.946,134.037,134.072,
2022/06/09 14:21,133.951,133.956,133.901,133.935,133.970,134.055,134.084,
2022/06/09 14:20,133.933,133.958,133.929,133.951,133.993,134.069,134.096,
2022/06/09 14:19,134.005,134.012,133.930,133.933,134.015,134.083,134.106,
2022/06/09 14:18,134.028,134.029,133.994,134.005,134.047,134.096,134.119,
2022/06/09 14:17,134.052,134.052,134.028,134.028,134.070,134.104,134.127,
2022/06/09 14:16,134.061,134.069,134.052,134.052,134.088,134.112,134.133,
2022/06/09 14:15,134.092,134.097,134.054,134.061,134.105,134.120,134.137,
2022/06/09 14:14,134.118,134.118,134.083,134.092,134.121,134.127,134.139,
2022/06/09 14:13,134.117,134.131,134.117,134.118,134.132,134.132,134.139,
2022/06/09 14:12,134.142,134.144,134.116,134.117,134.133,134.136,134.138,
2022/06/09 14:11,134.142,134.151,134.135,134.141,134.134,134.141,134.137,
2022/06/09 14:10,134.142,134.151,134.135,134.142,134.127,134.145,134.134,
2022/06/09 14:09,134.124,134.159,134.119,134.142,134.121,134.148,134.131,
2022/06/09 14:08,134.124,134.126,134.114,134.124,134.120,134.148,134.128,
2022/06/09 14:07,134.104,134.134,134.104,134.124,134.126,134.149,134.126,
2022/06/09 14:06,134.114,134.124,134.090,134.104,134.131,134.148,134.124,
2022/06/09 14:05,134.137,134.143,134.095,134.114,134.142,134.148,134.123,
2022/06/09 14:04,134.153,134.156,134.134,134.137,134.153,134.146,134.123,
2022/06/09 14:03,134.149,134.153,134.139,134.152,134.162,134.142,134.120,
2022/06/09 14:02,134.161,134.161,134.132,134.149,134.169,134.136,134.116,
2022/06/09 14:01,134.170,134.170,134.151,134.161,134.176,134.132,134.113,
2022/06/09 14:00,134.178,134.178,134.152,134.170,134.174,134.126,134.110,
2022/06/09 13:59,134.190,134.202,134.167,134.178,134.167,134.119,134.106,
2022/06/09 13:58,134.182,134.194,134.168,134.189,134.154,134.111,134.101,
2022/06/09 13:57,134.151,134.182,134.150,134.182,134.135,134.104,134.095,
2022/06/09 13:56,134.136,134.155,134.135,134.152,134.116,134.097,134.088,
2022/06/09 13:55,134.112,134.136,134.112,134.136,134.104,134.092,134.083,
2022/06/09 13:54,134.093,134.116,134.089,134.112,134.092,134.087,134.080,
2022/06/09 13:53,134.088,134.098,134.087,134.093,134.088,134.084,134.078,
2022/06/09 13:52,134.094,134.094,134.079,134.088,134.086,134.085,134.078,
2022/06/09 13:51,134.074,134.097,134.074,134.094,134.083,134.084,134.077,
2022/06/09 13:50,134.094,134.094,134.066,134.074,134.081,134.082,134.077,
2022/06/09 13:49,134.081,134.098,134.077,134.094,134.084,134.081,134.078,
2022/06/09 13:48,134.076,134.086,134.074,134.081,134.085,134.078,134.077,
2022/06/09 13:47,134.081,134.081,134.073,134.076,134.086,134.076,134.077,
2022/06/09 13:46,134.090,134.092,134.081,134.081,134.085,134.075,134.078,
2022/06/09 13:45,134.099,134.099,134.090,134.090,134.083,134.074,134.078,
2022/06/09 13:44,134.084,134.105,134.084,134.099,134.085,134.074,134.078,
2022/06/09 13:43,134.073,134.096,134.071,134.084,134.081,134.072,134.078,
2022/06/09 13:42,134.071,134.076,134.060,134.073,134.079,134.072,134.077,
2022/06/09 13:41,134.101,134.102,134.067,134.071,134.077,134.074,134.076,
2022/06/09 13:40,134.079,134.103,134.073,134.101,134.073,134.075,134.074,
2022/06/09 13:39,134.073,134.079,134.066,134.079,134.063,134.074,134.071,
2022/06/09 13:38,134.062,134.078,134.062,134.073,134.060,134.074,134.069,
2022/06/09 13:37,134.054,134.062,134.039,134.062,134.060,134.075,134.066,
2022/06/09 13:36,134.049,134.055,134.049,134.054,134.065,134.078,134.065,
2022/06/09 13:35,134.065,134.069,134.039,134.049,134.069,134.080,134.065,
2022/06/09 13:34,134.072,134.076,134.053,134.065,134.075,134.081,134.064,
2022/06/09 13:33,134.085,134.085,134.065,134.072,134.083,134.080,134.062,
2022/06/09 13:32,134.078,134.094,134.078,134.085,134.084,134.077,134.060,
2022/06/09 13:31,134.078,134.090,134.073,134.078,134.084,134.074,134.056,
2022/06/09 13:30,134.101,134.105,134.075,134.079,134.085,134.070,134.054,
2022/06/09 13:29,134.078,134.112,134.078,134.101,134.086,134.066,134.053,
2022/06/09 13:28,134.087,134.098,134.075,134.078,134.086,134.060,134.050,
2022/06/09 13:27,134.082,134.092,134.077,134.087,134.087,134.058,134.048,
2022/06/09 13:26,134.085,134.095,134.076,134.081,134.084,134.054,134.047,
2022/06/09 13:25,134.102,134.108,134.079,134.085,134.077,134.050,134.044,
2022/06/09 13:24,134.081,134.102,134.080,134.102,134.067,134.045,134.040,
2022/06/09 13:23,134.071,134.086,134.061,134.081,134.055,134.038,134.035,
2022/06/09 13:22,134.047,134.082,134.047,134.071,134.045,134.034,134.030,
2022/06/09 13:21,134.037,134.050,134.014,134.047,134.035,134.033,134.025,
2022/06/09 13:20,134.039,134.039,134.021,134.037,134.031,134.033,134.020,
2022/06/09 13:19,134.033,134.048,134.030,134.039,134.034,134.033,134.016,
2022/06/09 13:18,134.019,134.040,134.012,134.033,134.031,134.035,134.010,
2022/06/09 13:17,134.031,134.032,134.019,134.019,134.033,134.033,134.006,
2022/06/09 13:16,134.052,134.055,134.012,134.031,134.032,134.033,134.002,
2022/06/09 13:15,134.025,134.062,134.025,134.052,134.028,134.030,133.997,
2022/06/09 13:14,134.038,134.053,134.014,134.025,134.024,134.024,133.993,
2022/06/09 13:13,134.016,134.040,134.015,134.039,134.031,134.019,133.987,
2022/06/09 13:12,134.010,134.020,134.005,134.016,134.031,134.011,133.979,
2022/06/09 13:11,134.034,134.034,133.996,134.010,134.035,134.006,133.972,
2022/06/09 13:10,134.056,134.070,134.032,134.034,134.046,134.000,133.965,
2022/06/09 13:09,134.041,134.059,134.040,134.056,134.041,133.993,133.960,
2022/06/09 13:08,134.037,134.041,134.009,134.041,134.033,133.983,133.954,
2022/06/09 13:07,134.065,134.065,134.030,134.037,134.023,133.975,133.954,
2022/06/09 13:06,134.011,134.067,134.010,134.065,134.011,133.969,133.951,
2022/06/09 13:05,134.014,134.019,133.989,134.010,133.990,133.956,133.952,
2022/06/09 13:04,133.993,134.021,133.992,134.014,133.976,133.946,133.957,
2022/06/09 13:03,133.977,133.996,133.968,133.993,133.963,133.935,133.964,
2022/06/09 13:02,133.961,133.989,133.960,133.976,133.950,133.925,133.972,
2022/06/09 13:01,133.937,133.965,133.926,133.961,133.944,133.921,-----,
2022/06/09 13:00,133.952,133.980,133.937,133.937,133.938,133.918,-----,
2022/06/09 12:59,133.925,133.954,133.892,133.952,133.937,133.926,-----,
2022/06/09 12:58,133.946,133.950,133.922,133.925,133.937,133.929,-----,
2022/06/09 12:57,133.932,133.948,133.932,133.946,133.932,133.940,-----,
2022/06/09 12:56,133.938,133.941,133.928,133.932,133.920,133.954,-----,
2022/06/09 12:55,133.952,133.959,133.921,133.934,133.908,133.971,-----,
2022/06/09 12:54,133.897,133.956,133.895,133.952,133.893,133.988,-----,
2022/06/09 12:53,133.885,133.909,133.879,133.897,133.888,-----,-----,
2022/06/09 12:52,133.875,133.905,133.867,133.885,133.894,-----,-----,
2022/06/09 12:51,133.858,133.882,133.837,133.875,133.924,-----,-----,
2022/06/09 12:50,133.925,133.952,133.820,133.858,133.947,-----,-----,
2022/06/09 12:49,133.929,133.961,133.922,133.925,133.989,-----,-----,
2022/06/09 12:48,134.033,134.040,133.929,133.929,134.031,-----,-----,
2022/06/09 12:47,133.990,134.037,133.986,134.033,134.075,-----,-----,
2022/06/09 12:46,134.068,134.069,133.990,133.990,134.099,-----,-----,
2022/06/09 12:45,134.135,134.136,134.057,134.068,-----,-----,-----,
2022/06/09 12:44,134.150,134.156,134.129,134.135,-----,-----,-----,
2022/06/09 12:43,134.152,134.163,134.135,134.150,-----,-----,-----,
2022/06/09 12:42,134.167,134.172,134.113,134.153,-----,-----,-----,
